3,4,5
6,7,8
11,12,13
14,15-21
22,23,24,25
26,27
28,29,30,31,32,33
34,35-40
42,43,44
45,46
47,48,49
51,52
53,54
55,56,57
58,59
60,61,62,63
66,67,68
69,70-73
74,75
76,77
79,80
81,82,83
84,85-87
88,89
90,91
92,93-96
97,98
101,102
103,104
106,107
109,110
111,112
113,114
115,116
117,118
119,120,121
122,123
124,125-127
128,129
131,132-134
135,136,137
138,139
140,141
142,144
145,146-154
155,156
157,158,159
161,162
163,164
165,166
167,168
170,171
172,173
174,175-177
182,183
184,185
186,187
188,189
190,191-193
194,195-198
199,200-204
205,206-233
234,235-237
238,239-242
243,244
245,246
247,248-252
253,254-256
257,258
259,260
261,262-267
268,269-272
273,274-277
278,279-282
283,284-285
286,287
288,289-292
293,294-297
298,299
300,301
302,303
304,305-307
308,309,310
311,312-315
316,317-322